{"stats":{"minecraft:crafted":{"minecraft:black_dye":2,"minecraft:pink_bed":1,"minecraft:quartz_block":2,"minecraft:glass":112,"minecraft:melon_seeds":9,"minecraft:glass_bottle":39,"croptopia:corn_seed":26,"farmersdelight:wheat_dough":29,"minecraft:iron_pickaxe":9,"minecraft:gold_ingot":35,"potionsmaster:pestle":1,"minecraft:bone_meal":170,"minecraft:pink_dye":2,"functionalstorage:linking_tool":1,"potionsmaster:tile_mortar":1,"botania:black_petal":2,"potionsmaster:allthemodium_powder":1,"quark:blossom_fence":1,"minecraft:stone_pickaxe":9,"minecraft:dark_oak_planks":2,"minecraft:wheat":6,"potionsmaster:ender_powder":1,"croptopia:food_press":1,"biomesoplenty:redwood_planks":149,"sophisticatedbackpacks:gold_backpack":3,"functionalstorage:oak_2":1,"minecraft:deepslate_tiles":1,"functionalstorage:diamond_upgrade":2,"functionalstorage:storage_controller":1,"minecraft:oak_planks":2,"sophisticatedstorage:gold_chest":36,"biomesoplenty:redwood_slab":115,"minecraft:stone":64,"minecraft:hopper":1,"tombstone:grave_key":1,"minecraft:comparator":1,"functionalstorage:gold_upgrade":2,"minecraft:chest":19,"supplementaries:ash_brick":4,"minecraft:copper_block":2,"minecraft:netherite_upgrade_smithing_template":16,"minecraft:stone_hoe":2,"quark:blossom_planks":88,"minecraft:crafting_table":4,"minecraft:wooden_pickaxe":1,"minecraft:baked_potato":258,"minecraft:pumpkin_seeds":2,"minecraft:paper":2,"sophisticatedbackpacks:diamond_backpack":4,"minecraft:stick":33,"minecraft:iron_ingot":74,"minecraft:black_bed":1,"minecraft:redstone_torch":20,"sophisticatedstorage:iron_chest":24,"minecraft:furnace":1,"minecraft:piston":2,"minecraft:diamond_block":4,"minecraft:flint_and_steel":1,"minecraft:polished_deepslate":1,"biomesoplenty:redwood_stairs":9,"sophisticatedbackpacks:iron_backpack":2,"minecraft:sugar":169,"crafting_on_a_stick:crafting_table":2,"minecraft:air":2687,"minecraft:bread":29,"croptopia:candy_corn":102,"croptopia:melon_juice":131,"sophisticatedstorage:chest":36,"minecraft:white_dye":34,"minecraft:stonecutter":1,"minecraft:torch":35},"minecraft:picked_up":{"minecraft:iron_chestplate":2,"minecraft:chainmail_boots":4,"minecraft:anvil":1,"minecraft:creeper_head":4,"minecraft:flower_pot":2,"croptopia:tomatillo_seed":2,"ars_nouveau:pierce_arrow":22,"minecraft:smithing_table":2,"minecraft:lead":11,"minecraft:oak_stairs":8,"minecraft:enchanted_book":7,"croptopia:calamari":1,"minecraft:infested_stone":26,"pneumaticcraft:gun_ammo_incendiary":1,"minecraft:golden_sword":5,"minecraft:amethyst_block":302,"minecraft:polished_deepslate":1,"forbidden_arcanus:xpetrified_orb":24,"minecraft:music_disc_cat":3,"minecraft:string":230,"connectedglass:clear_glass":48,"minecraft:soul_soil":3,"create:limestone":121,"ars_nouveau:ritual_flowering":1,"thermal:barley_seeds":4,"forbidden_arcanus:obsidian_ingot":2,"minecraft:diamond_leggings":1,"mysticalagriculture:inferium_essence":138,"minecraft:gold_nugget":9,"minecraft:cobbled_deepslate":4696,"minecraft:spruce_planks":6,"irons_spellbooks:blank_rune":1,"biomesoplenty:redwood_wood":636,"minecraft:melon_slice":640,"wstweaks:fragment":108,"minecraft:golden_helmet":2,"minecraft:polished_blackstone_brick_slab":1,"forbidden_arcanus:aureal_bottle":1,"thermal:sadiroot_seeds":2,"mysticalagriculture:prosperity_shard":15,"minecraft:golden_axe":1,"tombstone:tablet_of_cupidity":1,"minecraft:golden_chestplate":4,"biomesoplenty:rose_quartz_chunk":1,"minecraft:orange_bed":2,"botania:manasteel_ingot":3,"minecraft:stone_sword":5,"evilcraft:box_of_eternal_closure":8,"botania:orange_double_flower":1,"forbidden_arcanus:splash_aureal_bottle":2,"create:ochrum":24,"minecraft:carved_pumpkin":3,"farmersdelight:rope":268,"tombstone:scroll_of_aquatic_life":1,"thermal:radish_seeds":2,"ars_nouveau:sourceberry_bush":7,"supplementaries:ash":70,"minecraft:blaze_rod":9,"minecraft:iron_bars":1,"minecraft:snowball":20,"quark:blaze_lantern":3,"botania:cyan_mushroom":1,"minecraft:feather":2,"farmersdelight:rice":15,"minecraft:jungle_log":248,"minecraft:smoker":1,"minecraft:flint":39,"minecraft:netherite_leggings":1,"tombstone:familiar_receptacle":3,"reliquary:nebulous_heart":3,"bhc:red_heart":33,"enderio:dark_steel_sword":3,"mysticalagriculture:soulium_dust":6,"quark:soul_bead":2,"minecraft:glowstone_dust":2,"enderio:dark_steel_ingot":15,"silentgear:fine_silk":4,"minecraft:chiseled_polished_blackstone":31,"forbidden_arcanus:edelwood_bucket":4,"croptopia:melon_juice":1,"sophisticatedbackpacks:iron_backpack":1,"minecraft:ink_sac":1,"thermal:onion_seeds":6,"minecraft:trapped_chest":2,"minecraft:dark_oak_log":34,"minecraft:barrel":2,"ars_nouveau:wilden_horn":10,"quark:jasper":20,"minecraft:bundle":12,"minecraft:iron_hoe":1,"create:crimsite":125,"minecraft:snout_armor_trim_smithing_template":2,"thermal:eggplant_seeds":4,"minecraft:granite":3,"minecraft:bread":20,"minecraft:golden_horse_armor":3,"reliquary:glowing_water":2,"minecraft:chainmail_helmet":4,"reliquary:witch_hat":1,"alltheores:raw_platinum":6,"minecraft:dark_oak_fence":23,"minecraft:crimson_roots":1,"biomesoplenty:redwood_log":164,"sophisticatedbackpacks:gold_backpack":2,"minecraft:crafting_table":1,"pneumaticcraft:compressed_iron_leggings":3,"minecraft:nether_wart":79,"minecraft:leather_leggings":3,"ae2:silicon_press":4,"tombstone:scroll_of_preservation":3,"minecraft:flint_and_steel":1,"minecraft:netherite_scrap":2,"minecraft:iron_shovel":3,"supplementaries:bomb":2,"minecraft:cracked_stone_bricks":6,"pneumaticcraft:compressed_iron_helmet":2,"minecraft:jungle_sapling":24,"croptopia:coconut":22,"minecraft:poppy":21,"minecraft:spruce_slab":2,"minecraft:chest":11,"supplementaries:rope":66,"minecraft:egg":1,"minecraft:stone":3,"croptopia:corn_seed":26,"reliquary:rib_bone":5,"sophisticatedbackpacks:backpack":13,"pneumaticcraft:gun_ammo_weighted":1,"pneumaticcraft:capacitor":3,"farmersdelight:tomato_seeds":62,"ars_nouveau:split_arrow":62,"minecraft:carrot":329,"minecraft:redstone":449,"botania:black_lotus":5,"crafting_on_a_stick:crafting_table":1,"minecraft:tnt":4,"minecraft:beetroot_seeds":16,"croptopia:strawberry_seed":1,"minecraft:peony":23,"minecraft:deepslate_bricks":4,"minecraft:diamond_boots":2,"minecraft:hay_block":1,"minecraft:gold_ingot":299,"sophisticatedbackpacks:copper_backpack":7,"biomesoplenty:redwood_sapling":136,"alltheores:raw_osmium":45,"minecraft:glow_berries":11,"minecraft:rail":21,"minecraft:bone_block":43,"minecraft:oxeye_daisy":23,"pneumaticcraft:spawner_agitator":4,"minecraft:blackstone_slab":3,"pneumaticcraft:logistics_core":2,"croptopia:glowing_calamari":2,"bhc:wither_bone":5,"ars_nouveau:wilden_wing":8,"minecraft:oak_log":241,"minecraft:ancient_debris":1,"minecraft:golden_boots":2,"farmersdelight:skillet":2,"functionalstorage:storage_controller":2,"quark:limestone":49,"tombstone:gift":6,"minecraft:apple":146,"minecraft:stone_bricks":24,"farmersdelight:cooking_pot":2,"thermal:corn":194,"enderio:wood_gear":20,"tombstone:tablet_of_guard":2,"minecraft:cobweb":16,"tombstone:bag_of_seeds":5,"croptopia:tomato":1,"minecraft:glass_bottle":6,"tombstone:scroll_of_frost_resistance":1,"minecraft:iron_sword":4,"forbidden_arcanus:darkstone":138,"thermal:blitz_rod":3,"minecraft:smooth_basalt":9,"minecraft:dark_oak_slab":1,"thermal:strawberry_seeds":1,"minecraft:gravel":220,"powah:uraninite_raw":10,"minecraft:spruce_sapling":30,"minecraft:spruce_log":87,"minecraft:crying_obsidian":17,"minecraft:leather_helmet":1,"biomesoplenty:flowering_oak_sapling":2,"tombstone:scroll_of_true_sight":5,"minecraft:infested_stone_bricks":41,"forbidden_arcanus:arcane_crystal":4,"biomesoplenty:redwood_stairs":1,"immersiveengineering:seed":80,"tombstone:scroll_of_knowledge":1,"croptopia:orange":52,"botania:orange_mystical_flower":3,"alltheores:raw_silver":14,"pneumaticcraft:vortex_cannon":2,"minecraft:melon_seeds":21,"thermal:amaranth_seeds":2,"minecraft:stripped_dark_oak_log":2,"minecraft:ender_pearl":14,"irons_spellbooks:scroll":16,"minecraft:chiseled_deepslate":31,"ars_nouveau:caster_tome":3,"minecraft:wheat":137,"tombstone:tablet_of_home":5,"minecraft:potion":5,"minecraft:stone_brick_stairs":2,"irons_spellbooks:cast_time_ring":1,"alltheores:raw_lead_block":2,"thermal:basalz_rod":4,"evilcraft:ender_tear":1,"minecraft:raw_copper":49,"minecraft:iron_leggings":11,"minecraft:zombie_head":9,"minecraft:experience_bottle":3,"pneumaticcraft:gun_ammo_explosive":2,"biomesoplenty:brimstone":6,"irons_spellbooks:arcane_essence":66,"minecraft:deepslate_tiles":198,"biomesoplenty:redwood_slab":37,"reliquary:zombie_heart":6,"minecraft:bucket":5,"minecraft:redstone_torch":13,"minecraft:iron_pickaxe":6,"thermal:spinach_seeds":2,"irons_spellbooks:inscription_table":1,"ae2:flawed_budding_quartz":15,"farmersdelight:cabbage_seeds":35,"minecraft:iron_boots":4,"minecraft:furnace":3,"botania:lexicon":1,"minecraft:stick":109,"apotheosis:gem":45,"minecraft:torch":124,"botania:black_mushroom":2,"minecraft:spruce_stairs":1,"deeperdarker:heart_of_the_deep":2,"minecraft:porkchop":11,"minecraft:pointed_dripstone":3,"tombstone:grave_dust":36,"minecraft:diorite":8,"thermal:flax_seeds":8,"minecraft:goat_horn":1,"pneumaticcraft:pressure_tube":88,"ae2:sky_stone_block":416,"quark:ancient_tome":4,"forbidden_arcanus:obsidian_with_iron":2,"silentgear:leather_scrap":1,"minecraft:rotten_flesh":255,"thermal:corn_seeds":446,"reliquary:bat_wing":1,"ars_nouveau:whirlisprig_shards":2,"reliquary:mob_charm_fragment":1,"evilcraft:condensed_blood":217,"ars_nouveau:ritual_cloudshaping":2,"minecraft:obsidian":252,"minecraft:cod":2,"minecraft:cobblestone":534,"ars_nouveau:drygmy_shard":3,"enderio:loot_capacitor":2,"forbidden_arcanus:stellarite_piece":4,"occultism:datura_seeds":9,"minecraft:leather_chestplate":3,"minecraft:magma_cream":1,"pneumaticcraft:compressed_iron_boots":3,"croptopia:nectarine":18,"minecraft:andesite":112,"minecraft:golden_leggings":2,"minecraft:potato":337,"paraglider:spirit_orb":72,"minecraft:tuff":449,"evilcraft:flesh_humanoid":1,"supplementaries:flax_seeds":3,"minecraft:wither_skeleton_skull":4,"minecraft:lapis_lazuli":62,"ae2:damaged_budding_quartz":9,"minecraft:dirt":1055,"minecraft:name_tag":4,"minecraft:leather_boots":1,"irons_spellbooks:hogskin":9,"alltheores:raw_tin":5,"minecraft:bone":290,"ars_nouveau:source_gem":11,"minecraft:bow":16,"minecraft:wheat_seeds":239,"minecraft:raw_gold":97,"botania:gray_mushroom":2,"ae2:logic_processor_press":4,"minecraft:mossy_stone_bricks":4,"minecraft:bamboo":170,"minecraft:powered_rail":3,"ironfurnaces:iron_furnace":1,"minecraft:oak_planks":3,"minecraft:ghast_tear":4,"thermal:bell_pepper_seeds":5,"minecraft:cooked_porkchop":15,"minecraft:music_disc_13":1,"quark:shale":39,"alltheores:raw_lead":26,"forbidden_arcanus:edelwood_suspicious_stew_bucket":1,"minecraft:poisonous_potato":3,"ars_nouveau:music_disc_aria_biblio":1,"minecraft:sand":203,"thermal:blizz_rod":3,"minecraft:dead_bush":1,"ae2:quartz_block":6,"minecraft:mossy_cobblestone":2,"tombstone:scroll_of_mercy":3,"irons_spellbooks:blaze_spell_book":1,"artifacts:plastic_drinking_hat":1,"alltheores:raw_nickel":2,"forbidden_arcanus:ender_pearl_fragment":4,"minecraft:sugar":4,"tombstone:familiar_stone":6,"minecraft:diamond":143,"waystones:waystone":10,"alltheores:raw_aluminum":3,"tombstone:tablet_of_recall":2,"minecraft:cracked_polished_blackstone_bricks":79,"minecraft:crossbow":7,"minecraft:bone_meal":40,"minecraft:golden_apple":4,"minecraft:emerald":8,"minecraft:oak_sapling":73,"irons_spellbooks:uncommon_ink":1,"minecraft:netherrack":1076,"minecraft:charcoal":4,"minecraft:cocoa_beans":20,"mysticalagriculture:soulstone_cobble":9,"minecraft:azure_bluet":2,"artifacts:night_vision_goggles":1,"minecraft:chicken":2,"croptopia:peach":96,"minecraft:turtle_helmet":3,"biomesoplenty:flesh":5,"minecraft:stone_brick_wall":1,"minecraft:gold_block":35,"enderio:broken_spawner":34,"minecraft:shield":2,"ars_nouveau:amplify_arrow":93,"minecraft:iron_axe":2,"artifacts:feral_claws":1,"pneumaticcraft:compressed_stone":167,"minecraft:cyan_carpet":1,"reliquary:chelicerae":6,"minecraft:blackstone":64,"deeperdarker:warden_carapace":6,"biomesoplenty:black_sand":174,"minecraft:detector_rail":3,"tombstone:scroll_of_unstable_intangibility":5,"croptopia:tomatillo":1,"croptopia:tomato_seed":2,"minecraft:lectern":2,"minecraft:sugar_cane":171,"minecraft:spruce_trapdoor":2,"minecraft:dark_oak_sapling":8,"forbidden_arcanus:cloth":2,"minecraft:raw_iron":244,"reliquary:catalyzing_gland":1,"forbidden_arcanus:bat_wing":7,"minecraft:copper_ingot":1,"evilcraft:origins_of_darkness":7,"minecraft:polished_blackstone_bricks":50,"alltheores:raw_platinum_block":1,"minecraft:trident":3,"croptopia:strawberry":1,"minecraft:iron_horse_armor":3,"ars_nouveau:wixie_shards":1,"tombstone:scroll_of_purification":3,"minecraft:dark_oak_planks":1,"thermal:peanut_seeds":3,"biomesoplenty:redwood_planks":64,"minecraft:arrow":95,"alltheores:raw_osmium_block":2,"minecraft:nether_bricks":9,"minecraft:saddle":3,"ae2:calculation_processor_press":4,"forbidden_arcanus:spawner_scrap":18,"minecraft:skeleton_skull":15,"bhc:blue_heart":2,"silentgear:flax_seeds":1,"minecraft:air":19,"minecraft:basalt":9,"artifacts:novelty_drinking_hat":1,"minecraft:glow_ink_sac":4,"minecraft:leather":14,"forbidden_arcanus:zombie_arm":1,"reliquary:squid_beak":1,"pneumaticcraft:compressed_iron_chestplate":5,"quark:smithing_template_rune":1,"minecraft:chainmail_chestplate":4,"artifacts:cloud_in_a_bottle":2,"minecraft:gunpowder":119,"minecraft:cobblestone_stairs":1,"tombstone:voodoo_poppet":1,"minecraft:deepslate_tile_slab":460,"apotheosis:warden_tendril":4,"quark:forgotten_hat":6,"botania:light_blue_mystical_flower":4,"botania:black_mystical_flower":4,"pneumaticcraft:pneumatic_cylinder":15,"minecraft:piglin_head":4,"irons_spellbooks:common_ink":5,"mekanism:salt":320,"minecraft:rabbit_hide":33,"minecraft:iron_ingot":173,"thermal:tomato_seeds":7,"irons_spellbooks:cinder_essence":2,"minecraft:soul_sand":25,"minecraft:book":8,"minecraft:sculk_catalyst":2,"minecraft:pumpkin":97,"minecraft:stone_brick_slab":3,"pneumaticcraft:transistor":13,"minecraft:quartz":55,"minecraft:dandelion":20,"minecraft:dripstone_block":7,"pneumaticcraft:ingot_iron_compressed":26,"alltheores:raw_uranium":8,"minecraft:amethyst_shard":16,"thermal:green_bean_seeds":8,"minecraft:mossy_stone_brick_slab":2,"minecraft:spider_eye":41,"mekanismtools:refined_glowstone_shovel":2,"thermal:rice_seeds":4,"ars_nouveau:wilden_spike":6,"croptopia:lemon":8,"minecraft:pumpkin_seeds":5,"pneumaticcraft:wheat_flour":1,"minecraft:chainmail_leggings":2,"evilcraft:dark_gem":13,"minecraft:iron_helmet":2,"mekanism:fluorite_gem":28,"minecraft:cherry_sapling":1,"ae2:engineering_processor_press":4,"tombstone:magic_scroll":20,"minecraft:coal":331},"minecraft:custom":{"minecraft:interact_with_crafting_table":31,"minecraft:bell_ring":1,"minecraft:leave_game":14,"minecraft:time_since_death":56757,"minecraft:damage_blocked_by_shield":3451,"minecraft:play_time":1056520,"minecraft:deaths":16,"minecraft:jump":18188,"minecraft:enchant_item":21,"minecraft:interact_with_furnace":166,"minecraft:interact_with_cartography_table":1,"minecraft:sleep_in_bed":14,"minecraft:waystone_activated":12,"tombstone:sneak_grave":1,"minecraft:damage_dealt":112200,"tombstone:undead_killed":302,"minecraft:interact_with_smoker":1,"minecraft:interact_with_anvil":3,"minecraft:damage_dealt_absorbed":30,"minecraft:sneak_time":66809,"minecraft:interact_with_blast_furnace":6,"minecraft:total_world_time":1056520,"tombstone:raider_killed":19,"minecraft:interact_with_stonecutter":7,"minecraft:time_since_rest":56441,"minecraft:swim_one_cm":171824,"minecraft:fly_one_cm":5111301,"minecraft:open_chest":1189,"minecraft:fall_one_cm":1095386,"lootr:looted_stat":205,"minecraft:damage_resisted":0,"minecraft:sprint_one_cm":1883859,"minecraft:drop":809,"minecraft:talked_to_villager":16,"minecraft:walk_on_water_one_cm":115772,"minecraft:crouch_one_cm":218867,"tombstone:villager_killed":2,"minecraft:mob_kills":598,"minecraft:damage_dealt_resisted":367,"minecraft:climb_one_cm":5601,"minecraft:walk_one_cm":2026592,"minecraft:walk_under_water_one_cm":105358,"minecraft:interact_with_grindstone":21,"minecraft:damage_taken":23031,"minecraft:damage_absorbed":449},"minecraft:used":{"irons_spellbooks:inscription_table":1,"minecraft:chiseled_deepslate":48,"minecraft:spruce_slab":1,"functionalstorage:linking_tool":10,"minecraft:chest":2,"minecraft:rotten_flesh":289,"minecraft:soul_sand":18,"minecraft:snowball":20,"pneumaticcraft:compressed_iron_boots":2,"minecraft:dark_oak_slab":1,"minecraft:rabbit_stew":1,"minecraft:bow":262,"minecraft:furnace":1,"minecraft:potato":80,"minecraft:diorite":3,"minecraft:blackstone":64,"minecraft:wooden_pickaxe":59,"forbidden_arcanus:edelwood_suspicious_stew_bucket":1,"minecraft:glow_berries":8,"minecraft:pumpkin_seeds":5,"minecraft:deepslate_tiles":239,"minecraft:carved_pumpkin":1,"minecraft:netherrack":879,"minecraft:orange_bed":1,"minecraft:torch":218,"minecraft:iron_axe":151,"biomesoplenty:redwood_wood":28,"minecraft:smooth_basalt":1,"minecraft:melon_seeds":9,"croptopia:candy_corn":51,"minecraft:basalt":6,"tombstone:gift":2,"minecraft:cobbled_deepslate":50,"minecraft:wheat_seeds":80,"minecraft:water_bucket":173,"minecraft:cracked_stone_bricks":1,"minecraft:polished_blackstone_bricks":35,"minecraft:mossy_cobblestone":2,"minecraft:rail":2,"minecraft:crafting_table":3,"minecraft:diamond_pickaxe":2444,"minecraft:oxeye_daisy":1,"mysticalagriculture:soulstone_cobble":7,"minecraft:iron_pickaxe":3566,"minecraft:spruce_trapdoor":2,"sophisticatedstorage:iron_chest":1,"minecraft:cobblestone":28,"biomesoplenty:redwood_stairs":37,"minecraft:cherry_sapling":1,"minecraft:polished_deepslate":1,"minecraft:iron_shovel":407,"minecraft:shield":97,"minecraft:iron_sword":35,"minecraft:mossy_stone_brick_slab":2,"minecraft:nether_bricks":3,"minecraft:carrot":84,"minecraft:deepslate_tile_slab":419,"pneumaticcraft:compressed_iron_leggings":4,"minecraft:obsidian":37,"minecraft:tuff":6,"sophisticatedbackpacks:diamond_backpack":1,"minecraft:iron_helmet":1,"minecraft:stone_bricks":2,"ars_nouveau:sourceberry_bush":2,"minecraft:chiseled_polished_blackstone":15,"thermal:corn_seeds":80,"minecraft:stone_pickaxe":657,"minecraft:sugar_cane":44,"minecraft:diamond_axe":178,"minecraft:netherite_leggings":1,"functionalstorage:storage_controller":3,"minecraft:crossbow":6,"minecraft:stone_brick_wall":1,"minecraft:black_bed":1,"minecraft:dripstone_block":1,"enderio:dark_steel_sword":2792,"waystones:waystone":10,"minecraft:melon_slice":136,"minecraft:bread":39,"minecraft:string":1,"tombstone:grave_key":1,"minecraft:gravel":34,"quark:blossom_fence":3,"minecraft:bone_meal":475,"minecraft:trident":2,"biomesoplenty:brimstone":6,"minecraft:flint_and_steel":7,"minecraft:redstone":1,"pneumaticcraft:compressed_iron_helmet":3,"minecraft:stone_hoe":262,"sophisticatedstorage:gold_chest":24,"minecraft:dirt":532,"minecraft:spruce_stairs":1,"croptopia:melon_juice":94,"minecraft:iron_hoe":129,"minecraft:stone_brick_slab":3,"minecraft:soul_soil":3,"croptopia:strawberry":1,"minecraft:iron_leggings":1,"biomesoplenty:redwood_slab":345,"tombstone:scroll_of_knowledge":1,"minecraft:cobblestone_stairs":1,"pneumaticcraft:compressed_iron_chestplate":1,"minecraft:baked_potato":66,"minecraft:stonecutter":1,"connectedglass:clear_glass":41,"minecraft:flower_pot":1,"minecraft:apple":8,"minecraft:cracked_polished_blackstone_bricks":72,"minecraft:bucket":203},"minecraft:mined":{"biomesoplenty:brimstone":6,"minecraft:obsidian":156,"minecraft:carved_pumpkin":2,"minecraft:potted_dead_bush":1,"minecraft:granite":3,"minecraft:chiseled_polished_blackstone":31,"minecraft:deepslate_bricks":4,"minecraft:oxeye_daisy":22,"minecraft:nether_wart":65,"minecraft:spawner":13,"minecraft:polished_blackstone_bricks":41,"alltheores:nether_tin_ore":4,"minecraft:fire":54,"minecraft:cobbled_deepslate":10,"minecraft:pumpkin":97,"minecraft:deepslate_lapis_ore":7,"minecraft:sculk_shrieker":1,"biomesoplenty:redwood_log":82,"biomesoplenty:webbing":2,"minecraft:small_amethyst_bud":1,"minecraft:oak_stairs":8,"quark:limestone":35,"alltheores:nickel_ore":1,"botania:light_blue_mystical_flower":4,"create:limestone":1,"minecraft:orange_bed":2,"minecraft:smoker":1,"minecraft:soul_fire":153,"minecraft:amethyst_cluster":1,"minecraft:deepslate_tile_slab":144,"mekanism:block_salt":32,"alltheores:raw_osmium_block":2,"alltheores:uranium_ore":4,"minecraft:torch":11,"minecraft:melon":119,"minecraft:sugar_cane":111,"botania:black_mystical_flower":4,"powah:deepslate_uraninite_ore_poor":1,"minecraft:amethyst_block":151,"minecraft:skeleton_skull":8,"forbidden_arcanus:darkstone":92,"alltheores:deepslate_osmium_ore":43,"croptopia:tomatillo_crop":1,"biomesoplenty:large_rose_quartz_bud":2,"minecraft:stone_brick_stairs":1,"minecraft:grass":416,"minecraft:dark_oak_sapling":1,"alltheores:raw_platinum_block":1,"minecraft:smooth_basalt":9,"minecraft:deepslate":2952,"minecraft:infested_deepslate":2,"minecraft:deepslate_tiles":51,"mysticalagriculture:soulstone":7,"forbidden_arcanus:stella_arcanum":2,"botania:orange_double_flower":1,"minecraft:mossy_cobblestone":2,"quark:shale":30,"minecraft:dark_oak_log":34,"minecraft:nether_bricks":6,"minecraft:dark_oak_fence":24,"connectedglass:clear_glass":5,"alltheores:deepslate_silver_ore":10,"minecraft:redstone_wire":1,"minecraft:redstone_ore":1,"minecraft:andesite":113,"biomesoplenty:flesh":5,"biomesoplenty:brimstone_bud":1,"minecraft:vine":3,"irons_spellbooks:inscription_table":1,"minecraft:smithing_table":1,"minecraft:soul_sand":23,"minecraft:stone_brick_slab":3,"minecraft:dandelion":10,"minecraft:emerald_ore":3,"minecraft:tall_grass":19,"minecraft:deepslate_gold_ore":67,"minecraft:diorite":7,"biomesoplenty:redwood_slab":38,"minecraft:spruce_log":87,"mekanism:deepslate_fluorite_ore":4,"minecraft:gravel":195,"minecraft:dripstone_block":4,"minecraft:cobweb":55,"biomesoplenty:stringy_cobweb":1,"minecraft:stone_bricks":13,"minecraft:gold_ore":9,"alltheores:raw_lead_block":2,"minecraft:attached_melon_stem":2,"minecraft:farmland":5,"minecraft:mossy_stone_brick_slab":2,"croptopia:strawberry_crop":1,"minecraft:sculk_vein":1226,"minecraft:cobblestone_stairs":1,"minecraft:budding_amethyst":19,"minecraft:grass_block":82,"biomesoplenty:flowering_oak_leaves":8,"minecraft:cracked_polished_blackstone_bricks":77,"minecraft:polished_blackstone_brick_slab":1,"quark:blaze_lantern":3,"minecraft:sculk_catalyst":6,"minecraft:iron_ore":38,"alltheores:deepslate_lead_ore":19,"minecraft:azure_bluet":1,"minecraft:pointed_dripstone":3,"evilcraft:infested_nether_nether_bricks":3,"minecraft:iron_bars":1,"biomesoplenty:medium_rose_quartz_bud":1,"minecraft:deepslate_redstone_ore":80,"botania:orange_mystical_flower":3,"minecraft:blackstone":64,"minecraft:medium_amethyst_bud":1,"minecraft:poppy":19,"minecraft:chest":2,"minecraft:nether_quartz_ore":55,"minecraft:cobblestone":52,"alltheores:deepslate_nickel_ore":1,"minecraft:wall_torch":5,"minecraft:dark_oak_slab":4,"mekanism:fluorite_ore":1,"evilcraft:dark_ore_deepslate":3,"minecraft:tnt":1,"minecraft:oak_log":143,"minecraft:sand":142,"minecraft:dirt":23,"minecraft:wither_skeleton_skull":1,"minecraft:netherrack":1024,"create:crimsite":11,"minecraft:oak_leaves":155,"minecraft:crying_obsidian":17,"minecraft:tuff":215,"silentgear:wild_flax_plant":1,"minecraft:deepslate_diamond_ore":28,"powah:deepslate_uraninite_ore_dense":1,"biomesoplenty:bush":361,"create:ochrum":12,"quark:jasper":12,"minecraft:hay_block":1,"minecraft:furnace":3,"minecraft:chiseled_deepslate":7,"biomesoplenty:willow_vine":1,"minecraft:gold_block":35,"biomesoplenty:redwood_stairs":1,"minecraft:peony":23,"minecraft:bookshelf":2,"alltheores:deepslate_platinum_ore":3,"minecraft:deepslate_iron_ore":153,"minecraft:stone":381,"biomesoplenty:spider_egg":3,"minecraft:podzol":803,"functionalstorage:storage_controller":2,"minecraft:snow_block":17,"minecraft:stripped_dark_oak_log":3,"minecraft:basalt":8,"minecraft:crafting_table":1,"alltheores:nether_aluminum_ore":3,"minecraft:blackstone_slab":3,"minecraft:sculk_sensor":14,"minecraft:lectern":1,"biomesoplenty:sprout":13,"minecraft:lapis_ore":1,"minecraft:sculk":3230,"forbidden_arcanus:xpetrified_ore":14,"evilcraft:infested_nether_netherrack":3,"croptopia:tomato_crop":1,"minecraft:coal_ore":181,"biomesoplenty:redwood_leaves":20,"minecraft:cracked_stone_bricks":5,"minecraft:mossy_stone_bricks":3,"biomesoplenty:redwood_wood":365},"minecraft:killed_by":{"minecraft:zombie_villager":1,"minecraft:piglin_brute":1,"minecraft:vex":1,"thermal:blizz":1,"minecraft:warden":3,"minecraft:player":2,"minecraft:skeleton":1,"irons_spellbooks:archevoker":2},"minecraft:broken":{"minecraft:diamond_pickaxe":1,"pneumaticcraft:compressed_iron_leggings":1,"minecraft:stone_hoe":2,"minecraft:wooden_pickaxe":1,"minecraft:shield":1,"minecraft:iron_pickaxe":13,"pneumaticcraft:compressed_iron_helmet":2,"minecraft:stone_pickaxe":5,"pneumaticcraft:compressed_iron_boots":2,"pneumaticcraft:compressed_iron_chestplate":2},"minecraft:killed":{"minecraft:cave_spider":35,"minecraft:skeleton":73,"minecraft:chicken":2,"thermal:blitz":4,"minecraft:magma_cube":17,"minecraft:pillager":3,"minecraft:zombie":125,"thermal:basalz":3,"minecraft:vindicator":4,"minecraft:warden":1,"minecraft:husk":3,"minecraft:wandering_trader":2,"quark:wraith":2,"minecraft:enderman":5,"evilcraft:netherfish":3,"minecraft:zombified_piglin":22,"minecraft:witch":12,"minecraft:spider":35,"quark:forgotten":5,"thermal:blizz":2,"irons_spellbooks:summoned_skeleton":10,"minecraft:piglin_brute":17,"minecraft:piglin":44,"minecraft:zombie_villager":1,"irons_spellbooks:necromancer":8,"minecraft:creeper":38,"minecraft:trader_llama":3,"minecraft:ghast":6,"minecraft:blaze":24,"minecraft:vex":1,"irons_spellbooks:summoned_zombie":12,"minecraft:drowned":6,"quark:foxhound":4,"minecraft:hoglin":8,"minecraft:wither_skeleton":35},"minecraft:dropped":{"minecraft:iron_sword":2,"occultism:datura_seeds":1,"alltheores:raw_platinum":3,"pneumaticcraft:gun_ammo_weighted":1,"minecraft:lapis_lazuli":4,"minecraft:glow_ink_sac":2,"apotheosis:warden_tendril":2,"minecraft:diamond":68,"enderio:loot_capacitor":2,"minecraft:crossbow":4,"biomesoplenty:black_sand":87,"minecraft:glow_berries":11,"artifacts:cloud_in_a_bottle":1,"minecraft:cracked_stone_bricks":1,"minecraft:saddle":3,"quark:limestone":14,"minecraft:rail":17,"thermal:flax_seeds":4,"minecraft:emerald":4,"minecraft:dirt":30,"supplementaries:rope":66,"croptopia:melon_juice":66,"biomesoplenty:redwood_log":82,"ars_nouveau:ritual_cloudshaping":2,"reliquary:squid_beak":1,"tombstone:scroll_of_true_sight":5,"irons_spellbooks:cinder_essence":1,"minecraft:snout_armor_trim_smithing_template":2,"minecraft:jungle_sapling":18,"irons_spellbooks:arcane_essence":39,"minecraft:bone_meal":16,"forbidden_arcanus:darkstone":28,"minecraft:sand":27,"minecraft:iron_pickaxe":5,"minecraft:dark_oak_planks":1,"ars_nouveau:wilden_horn":10,"tombstone:familiar_receptacle":4,"ars_nouveau:source_gem":11,"minecraft:bone":64,"quark:ancient_tome":3,"pneumaticcraft:spawner_agitator":4,"minecraft:goat_horn":1,"minecraft:ancient_debris":1,"irons_spellbooks:blank_rune":2,"tombstone:scroll_of_aquatic_life":1,"minecraft:golden_chestplate":1,"minecraft:detector_rail":3,"ars_nouveau:whirlisprig_shards":2,"minecraft:cobbled_deepslate":1458,"minecraft:pink_dye":1,"minecraft:wheat":14,"minecraft:obsidian":96,"thermal:blizz_rod":2,"tombstone:gift":4,"minecraft:rotten_flesh":113,"enderio:dark_steel_ingot":19,"deeperdarker:heart_of_the_deep":1,"minecraft:azure_bluet":1,"forbidden_arcanus:obsidian_ingot":2,"thermal:eggplant_seeds":1,"botania:manasteel_ingot":5,"botania:black_mushroom":1,"minecraft:chiseled_deepslate":91,"irons_spellbooks:heavy_chain_necklace":1,"supplementaries:flax_seeds":1,"pneumaticcraft:micromissiles":1,"minecraft:deepslate_tiles":874,"minecraft:charcoal":4,"forbidden_arcanus:edelwood_suspicious_stew_bucket":1,"mysticalagriculture:inferium_essence":13,"minecraft:jungle_log":124,"apotheosis:gem":15,"create:limestone":60,"tombstone:scroll_of_knowledge":1,"farmersdelight:rope":329,"ae2:damaged_budding_quartz":6,"forbidden_arcanus:arcane_crystal":2,"thermal:rice_seeds":1,"quark:smithing_template_rune":1,"botania:black_lotus":5,"irons_spellbooks:cast_time_ring":1,"reliquary:zombie_heart":4,"ars_nouveau:wixie_shards":2,"minecraft:lectern":1,"thermal:basalz_rod":1,"minecraft:enchanted_book":6,"farmersdelight:tomato_seeds":62,"mekanism:fluorite_gem":10,"minecraft:iron_ingot":38,"minecraft:black_dye":1,"minecraft:wheat_seeds":7,"ars_nouveau:pierce_arrow":42,"farmersdelight:skillet":1,"minecraft:tnt":1,"minecraft:golden_horse_armor":2,"evilcraft:condensed_blood":217,"minecraft:dripstone_block":3,"biomesoplenty:redwood_slab":384,"minecraft:book":8,"minecraft:cobblestone":98,"croptopia:orange":26,"forbidden_arcanus:stellarite_piece":2,"tombstone:tablet_of_guard":4,"forbidden_arcanus:xpetrified_orb":10,"pneumaticcraft:compressed_iron_leggings":3,"minecraft:apple":69,"pneumaticcraft:logistics_core":4,"minecraft:deepslate_tile_slab":41,"minecraft:chainmail_helmet":2,"ae2:quartz_block":3,"minecraft:coal":47,"minecraft:golden_apple":6,"pneumaticcraft:pressure_tube":96,"minecraft:cobweb":6,"minecraft:diamond_horse_armor":1,"pneumaticcraft:compressed_iron_helmet":2,"pneumaticcraft:gun_ammo_explosive":3,"artifacts:plastic_drinking_hat":1,"ars_nouveau:music_disc_aria_biblio":1,"minecraft:potion":6,"forbidden_arcanus:edelwood_bucket":3,"minecraft:dead_bush":1,"ars_nouveau:ritual_flowering":1,"mekanism:salt":192,"quark:jasper":8,"minecraft:chainmail_leggings":2,"minecraft:string":99,"tombstone:voodoo_poppet":2,"reliquary:rib_bone":2,"powah:uraninite_raw":5,"ars_nouveau:caster_tome":3,"minecraft:creeper_head":1,"tombstone:familiar_stone":6,"create:ochrum":12,"thermal:amaranth_seeds":1,"minecraft:cocoa_beans":16,"minecraft:experience_bottle":3,"irons_spellbooks:uncommon_ink":1,"evilcraft:box_of_eternal_closure":8,"pneumaticcraft:compressed_iron_chestplate":6,"sophisticatedbackpacks:backpack":11,"croptopia:corn_seed":26,"minecraft:name_tag":2,"evilcraft:origins_of_darkness":8,"forbidden_arcanus:bat_wing":5,"minecraft:pumpkin_seeds":5,"thermal:tomato_seeds":2,"pneumaticcraft:capacitor":4,"botania:lexicon":1,"minecraft:bundle":5,"minecraft:carved_pumpkin":1,"minecraft:spider_eye":5,"minecraft:redstone_torch":4,"minecraft:barrel":2,"minecraft:bamboo":136,"sophisticatedbackpacks:copper_backpack":4,"minecraft:bow":4,"ars_nouveau:amplify_arrow":93,"forbidden_arcanus:cloth":2,"alltheores:raw_silver":4,"minecraft:oak_log":93,"minecraft:baked_potato":64,"minecraft:ender_pearl":11,"deeperdarker:warden_carapace":3,"minecraft:iron_horse_armor":3,"create:crimsite":81,"silentgear:fine_silk":1,"minecraft:music_disc_13":1,"paraglider:spirit_orb":8,"reliquary:chelicerae":7,"farmersdelight:rice":15,"minecraft:cod":1,"minecraft:flint":7,"tombstone:bag_of_seeds":5,"alltheores:raw_uranium":4,"artifacts:superstitious_hat":1,"minecraft:netherite_scrap":1,"biomesoplenty:flowering_oak_sapling":1,"minecraft:amethyst_shard":8,"tombstone:scroll_of_frost_resistance":2,"croptopia:coconut":11,"ae2:silicon_press":3,"tombstone:scroll_of_preservation":3,"thermal:green_bean_seeds":2,"minecraft:gold_ingot":153,"minecraft:gravel":12,"ae2:calculation_processor_press":3,"ae2:engineering_processor_press":3,"ars_nouveau:wilden_spike":6,"biomesoplenty:redwood_sapling":64,"pneumaticcraft:transistor":13,"minecraft:pointed_dripstone":3,"pneumaticcraft:gun_ammo_incendiary":1,"tombstone:tablet_of_recall":3,"bhc:blue_heart":1,"forbidden_arcanus:aureal_bottle":1,"quark:shale":9,"mekanismtools:refined_glowstone_shovel":1,"minecraft:carrot":64,"minecraft:chainmail_chestplate":3,"reliquary:nebulous_heart":3,"ars_nouveau:sourceberry_bush":8,"minecraft:poppy":1,"crafting_on_a_stick:crafting_table":2,"supplementaries:ash":11,"minecraft:turtle_helmet":1,"forbidden_arcanus:splash_aureal_bottle":6,"minecraft:trident":1,"minecraft:gunpowder":66,"minecraft:skeleton_skull":1,"minecraft:beetroot_seeds":16,"minecraft:melon_seeds":23,"ars_nouveau:drygmy_shard":3,"minecraft:chest":1,"quark:forgotten_hat":1,"minecraft:arrow":23,"minecraft:powered_rail":3,"immersiveengineering:seed":27,"minecraft:bread":9,"botania:gray_mushroom":1,"enderio:wood_gear":23,"biomesoplenty:redwood_wood":335,"tombstone:tablet_of_home":6,"ae2:sky_stone_block":460,"thermal:blitz_rod":1,"minecraft:lead":2,"minecraft:amethyst_block":151,"reliquary:glowing_water":2,"pneumaticcraft:compressed_stone":210,"tombstone:scroll_of_mercy":3,"croptopia:candy_corn":51,"thermal:barley_seeds":2,"minecraft:stick":34,"irons_spellbooks:scroll":15,"minecraft:sculk_catalyst":1,"tombstone:magic_scroll":11,"minecraft:torch":102,"croptopia:lemon":4,"farmersdelight:cooking_pot":2,"minecraft:melon_slice":68,"pneumaticcraft:vortex_cannon":3,"forbidden_arcanus:spawner_scrap":3,"croptopia:nectarine":9,"minecraft:zombie_head":1,"tombstone:grave_dust":2,"alltheores:raw_lead":2,"minecraft:iron_leggings":6,"irons_spellbooks:common_ink":5,"minecraft:iron_axe":1,"pneumaticcraft:compressed_iron_boots":4,"minecraft:bucket":4,"minecraft:music_disc_cat":3,"ars_nouveau:wilden_wing":11,"minecraft:dandelion":10,"croptopia:glowing_calamari":1,"minecraft:redstone":62,"minecraft:anvil":1,"pneumaticcraft:pneumatic_cylinder":15,"enderio:broken_spawner":4,"minecraft:raw_copper":7,"reliquary:bat_wing":1,"alltheores:raw_osmium":3,"minecraft:tuff":150,"supplementaries:bomb":2,"minecraft:raw_iron":16,"farmersdelight:cabbage_seeds":48,"tombstone:scroll_of_purification":4,"ae2:logic_processor_press":3,"ae2:flawed_budding_quartz":12,"pneumaticcraft:ingot_iron_compressed":41,"tombstone:scroll_of_unstable_intangibility":5,"minecraft:iron_chestplate":1,"minecraft:mossy_stone_bricks":1,"minecraft:oak_sapling":29,"enderio:dark_steel_sword":4,"thermal:bell_pepper_seeds":1,"croptopia:peach":48,"minecraft:stone_pickaxe":4,"minecraft:raw_gold":17,"bhc:red_heart":5,"ars_nouveau:split_arrow":62,"tombstone:tablet_of_cupidity":1}},"DataVersion":3465}