{"stats":{"minecraft:picked_up":{"minecraft:iron_chestplate":1,"minecraft:basalt":4,"minecraft:chainmail_boots":1,"minecraft:andesite":5,"minecraft:leather":9,"tombstone:tablet_of_home":1,"minecraft:acacia_wood":1,"pneumaticcraft:compressed_iron_chestplate":1,"minecraft:diamond_horse_armor":2,"minecraft:chainmail_chestplate":1,"minecraft:music_disc_cat":1,"minecraft:dirt":13,"tombstone:familiar_receptacle":1,"minecraft:piglin_head":1,"minecraft:iron_leggings":1,"irons_spellbooks:hogskin":3,"minecraft:bone":1,"pneumaticcraft:gun_ammo_explosive":1,"minecraft:deepslate_tiles":1,"mysticalagriculture:inferium_essence":6,"irons_spellbooks:arcane_essence":2,"minecraft:wheat_seeds":6,"biomesoplenty:redwood_slab":336,"minecraft:cobbled_deepslate":8,"minecraft:raw_gold":1,"tombstone:tablet_of_guard":2,"minecraft:beef":4,"minecraft:iron_ingot":1,"minecraft:stone_pickaxe":1,"enderio:dark_steel_sword":1,"minecraft:iron_pickaxe":1,"biomesoplenty:redwood_wood":80,"tombstone:tablet_of_assistance":1,"enderio:dark_steel_ingot":4,"minecraft:chest":1,"tombstone:scroll_of_frost_resistance":1,"minecraft:book":9,"minecraft:raw_iron":10,"apotheosis:gem":3,"minecraft:smooth_basalt":1,"quark:shale":1,"minecraft:torch":118,"minecraft:polished_blackstone_bricks":1,"minecraft:porkchop":19,"powah:uraninite_raw":2,"minecraft:redstone":17,"minecraft:leather_helmet":1,"quark:blossom_planks":24,"minecraft:tnt":4,"forbidden_arcanus:arcane_crystal":1,"biomesoplenty:redwood_planks":64,"minecraft:arrow":2,"minecraft:rotten_flesh":10,"tombstone:tablet_of_recall":1,"minecraft:granite":2,"pneumaticcraft:vortex_cannon":1,"minecraft:bread":19,"tombstone:magic_scroll":2,"minecraft:netherrack":66,"minecraft:coal":93,"minecraft:cobblestone":15},"minecraft:mined":{"minecraft:deepslate_tiles":3,"quark:shale":1,"minecraft:potted_lily_of_the_valley":1,"minecraft:basalt":4,"minecraft:granite":2,"minecraft:grass_block":3,"minecraft:chest":1,"minecraft:cobblestone":4,"biomesoplenty:sprout":2,"minecraft:deepslate_gold_ore":1,"biomesoplenty:dead_grass":1,"quark:jasper":1,"minecraft:polished_blackstone_bricks":1,"biomesoplenty:redwood_slab":14,"minecraft:redstone_ore":5,"forbidden_arcanus:deepslate_arcane_crystal_ore":1,"minecraft:fire":6,"minecraft:cobbled_deepslate":1,"minecraft:acacia_wood":1,"minecraft:andesite":6,"minecraft:tnt":1,"biomesoplenty:willow_vine":4,"minecraft:bookshelf":1,"minecraft:coal_ore":64,"minecraft:dirt":7,"powah:uraninite_ore_poor":2,"minecraft:stone":13,"minecraft:netherrack":63,"minecraft:deepslate":4},"minecraft:broken":{"minecraft:stone_pickaxe":1},"minecraft:custom":{"minecraft:interact_with_furnace":1,"lootr:looted_stat":9,"minecraft:mob_kills":30,"minecraft:interact_with_crafting_table":7,"minecraft:damage_dealt_resisted":0,"minecraft:leave_game":3,"minecraft:time_since_death":26785,"minecraft:sleep_in_bed":1,"minecraft:climb_one_cm":220,"minecraft:damage_resisted":0,"minecraft:time_since_rest":15586,"minecraft:waystone_activated":1,"minecraft:sprint_one_cm":152722,"minecraft:damage_taken":2304,"minecraft:walk_one_cm":128344,"minecraft:drop":34,"minecraft:damage_dealt":9263,"minecraft:swim_one_cm":22274,"minecraft:fly_one_cm":134861,"minecraft:open_chest":38,"minecraft:crouch_one_cm":26498,"minecraft:play_time":81155,"tombstone:undead_killed":8,"minecraft:deaths":1,"minecraft:sneak_time":8504,"minecraft:walk_under_water_one_cm":20338,"minecraft:jump":1007,"minecraft:walk_on_water_one_cm":5900,"minecraft:total_world_time":81155,"minecraft:fall_one_cm":30056},"minecraft:used":{"silentgear:nether_banana":9,"minecraft:stone_pickaxe":109,"quark:shale":1,"minecraft:chest":7,"minecraft:iron_sword":7,"minecraft:netherrack":66,"minecraft:iron_chestplate":1,"minecraft:torch":177,"minecraft:dirt":13,"enderio:dark_steel_sword":158,"minecraft:bread":25,"minecraft:iron_pickaxe":100,"minecraft:iron_helmet":1,"minecraft:smooth_basalt":1,"minecraft:cobblestone":7,"minecraft:andesite":3,"minecraft:cobbled_deepslate":8,"biomesoplenty:redwood_slab":322},"minecraft:crafted":{"biomesoplenty:redwood_planks":51,"minecraft:iron_sword":1,"minecraft:air":289,"minecraft:stick":7,"minecraft:iron_pickaxe":1,"minecraft:chest":9,"minecraft:acacia_planks":1,"minecraft:torch":16},"minecraft:killed":{"minecraft:piglin":8,"minecraft:hoglin":8,"minecraft:skeleton":2,"minecraft:zombie":6,"minecraft:ghast":1,"minecraft:piglin_brute":5},"minecraft:dropped":{"minecraft:iron_ingot":1,"enderio:wood_gear":2,"quark:blossom_planks":23,"biomesoplenty:redwood_planks":64,"minecraft:chainmail_chestplate":1,"minecraft:deepslate_tiles":1,"minecraft:iron_chestplate":1,"mysticalagriculture:inferium_essence":2,"minecraft:raw_gold":1,"minecraft:iron_pickaxe":1,"powah:uraninite_raw":2}},"DataVersion":3465}