{"stats":{"minecraft:mined":{"minecraft:spruce_planks":24,"irons_spellbooks:armor_pile":1,"minecraft:sculk_vein":3,"minecraft:obsidian":623,"minecraft:granite":140,"minecraft:grass_block":2,"minecraft:jungle_log":124,"mysticalagriculture:inferium_ore":2,"minecraft:spawner":9,"minecraft:potted_birch_sapling":1,"alltheores:deepslate_lead_ore":23,"minecraft:iron_ore":89,"minecraft:barrel":1,"minecraft:fire":11,"minecraft:cobbled_deepslate":12,"minecraft:moss_carpet":2,"quark:blossom_planks":5,"minecraft:deepslate_lapis_ore":47,"silentgear:deepslate_bort_ore":3,"biomesoplenty:hanging_cobweb":1,"minecraft:pointed_dripstone":1,"quark:limestone":304,"create:veridium":4,"create:limestone":197,"minecraft:spruce_slab":2,"minecraft:deepslate_redstone_ore":2,"minecraft:deepslate_tile_slab":24,"alltheores:raw_osmium_block":1,"minecraft:powder_snow":21,"minecraft:torch":18,"minecraft:calcite":62,"minecraft:chest":6,"quark:blossom_log":64,"minecraft:glass":1,"minecraft:cobblestone":6,"alltheores:deepslate_nickel_ore":4,"minecraft:wall_torch":20,"rftoolsbase:dimensionalshard_overworld":1,"forbidden_arcanus:darkstone":158,"evilcraft:dark_ore_deepslate":1,"alltheores:deepslate_osmium_ore":41,"alltheores:tin_ore":3,"minecraft:tnt":11,"minecraft:stone_brick_stairs":1,"minecraft:grass":52,"minecraft:oak_log":7,"alltheores:raw_silver_block":1,"minecraft:dirt":107,"minecraft:sand":34,"mysticalagriculture:deepslate_prosperity_ore":6,"minecraft:stonecutter":1,"create:crimsite":81,"minecraft:deepslate":8261,"minecraft:oak_leaves":16,"ae2:chipped_budding_quartz":3,"minecraft:diamond_ore":1,"minecraft:deepslate_tiles":33,"minecraft:tuff":452,"croptopia:orange_crop":4,"quark:shale":191,"minecraft:deepslate_diamond_ore":76,"alltheores:osmium_ore":12,"biomesoplenty:desert_grass":2,"minecraft:dark_oak_log":26,"minecraft:nether_bricks":1,"biomesoplenty:bush":10,"alltheores:deepslate_silver_ore":19,"minecraft:spruce_leaves":1,"quark:jasper":87,"alltheores:deepslate_tin_ore":22,"minecraft:hay_block":33,"forbidden_arcanus:deepslate_arcane_crystal_ore":2,"minecraft:furnace":3,"ae2:damaged_budding_quartz":3,"minecraft:andesite":64,"minecraft:chiseled_deepslate":42,"ae2:mysterious_cube":1,"minecraft:polished_deepslate":1,"minecraft:bookshelf":49,"alltheores:deepslate_platinum_ore":55,"minecraft:vine":4,"minecraft:deepslate_iron_ore":61,"minecraft:rail":1,"immersiveengineering:lantern":1,"ae2:sky_stone_block":196,"croptopia:coconut_crop":8,"minecraft:bamboo":34,"biomesoplenty:barley":3,"minecraft:stone":799,"minecraft:podzol":1,"biomesoplenty:black_sand":87,"minecraft:crafting_table":3,"minecraft:emerald_ore":3,"minecraft:tall_grass":1,"minecraft:deepslate_gold_ore":39,"minecraft:lapis_ore":8,"alltheores:raw_tin_block":1,"minecraft:sculk":433,"minecraft:diorite":67,"supplementaries:urn":23,"biomesoplenty:redwood_slab":1,"ae2:flawless_budding_quartz":3,"forbidden_arcanus:xpetrified_ore":10,"minecraft:spruce_log":57,"minecraft:coal_ore":129,"minecraft:cocoa":2,"evilcraft:blood_stain":1,"biomesoplenty:fir_leaves":8,"biomesoplenty:redwood_leaves":2,"mekanism:deepslate_fluorite_ore":12,"minecraft:cyan_carpet":2,"minecraft:gravel":151,"minecraft:cobweb":43,"minecraft:cracked_stone_bricks":2,"minecraft:stone_bricks":91,"minecraft:mossy_stone_bricks":2,"minecraft:deepslate_emerald_ore":1,"minecraft:fern":1,"minecraft:dark_oak_planks":214,"alltheores:raw_lead_block":2},"minecraft:killed":{"minecraft:cave_spider":28,"minecraft:zombified_piglin":1,"minecraft:witch":3,"minecraft:spider":25,"minecraft:cod":1,"quark:forgotten":1,"thermal:blizz":1,"minecraft:skeleton":49,"minecraft:bee":1,"minecraft:silverfish":1,"irons_spellbooks:summoned_skeleton":6,"minecraft:skeleton_horse":1,"thermal:blitz":4,"artifacts:mimic":7,"irons_spellbooks:necromancer":6,"minecraft:creeper":26,"minecraft:sheep":2,"minecraft:pillager":1,"minecraft:trader_llama":5,"minecraft:zombie":115,"cataclysm:deepling":2,"minecraft:blaze":4,"minecraft:cow":11,"thermal:basalz":1,"irons_spellbooks:summoned_zombie":11,"minecraft:drowned":3,"cataclysm:lionfish":1,"minecraft:warden":1,"cataclysm:deepling_angler":1,"minecraft:bat":1,"irons_spellbooks:citadel_keeper":1,"minecraft:wandering_trader":3,"evilcraft:poisonous_libelle":1,"minecraft:wither_skeleton":1,"minecraft:enderman":2},"minecraft:crafted":{"minecraft:grindstone":1,"connectedglass:clear_glass":12,"biomesoplenty:redwood_slab":66,"minecraft:stone":6,"connectedglass:borderless_glass":12,"minecraft:glass":48,"minecraft:bow":4,"minecraft:chest":10,"sophisticatedbackpacks:backpack":2,"quark:blossom_planks":32,"minecraft:crafting_table":5,"minecraft:spruce_planks":59,"minecraft:wooden_pickaxe":1,"minecraft:diamond_pickaxe":7,"minecraft:stick":29,"sophisticatedbackpacks:diamond_backpack":1,"minecraft:stone_slab":6,"minecraft:iron_ingot":324,"minecraft:iron_pickaxe":3,"minecraft:stone_sword":1,"minecraft:iron_block":3,"minecraft:gold_ingot":153,"minecraft:redstone_torch":8,"minecraft:deepslate_tile_slab":65,"minecraft:wooden_sword":1,"minecraft:furnace":10,"minecraft:cherry_sapling":1,"minecraft:bone_meal":8,"minecraft:flint_and_steel":1,"minecraft:iron_hoe":1,"minecraft:stone_pickaxe":2,"minecraft:dark_oak_planks":26,"minecraft:wheat":29,"sophisticatedbackpacks:iron_backpack":4,"minecraft:cooked_beef":14,"minecraft:enchanting_table":1,"sophisticatedbackpacks:gold_backpack":3,"minecraft:air":1329,"minecraft:bread":202,"quark:spruce_bookshelf":33,"minecraft:anvil":1,"minecraft:torch":49},"minecraft:used":{"minecraft:cherry_sapling":1,"minecraft:chiseled_deepslate":119,"minecraft:shield":11,"minecraft:iron_sword":53,"minecraft:rotten_flesh":43,"minecraft:mutton":3,"pneumaticcraft:compressed_stone":5,"minecraft:obsidian":356,"minecraft:deepslate_tile_slab":435,"minecraft:snowball":5,"minecraft:tuff":12,"pneumaticcraft:compressed_iron_leggings":4,"alltheores:raw_lead_block":1,"quark:limestone":1,"minecraft:glass":1,"pneumaticcraft:compressed_iron_boots":6,"minecraft:dark_oak_slab":3,"minecraft:stone_bricks":7,"ironfurnaces:iron_furnace":1,"minecraft:bow":109,"minecraft:furnace":13,"ars_nouveau:sourceberry_bush":6,"croptopia:roe":1,"forbidden_arcanus:edelwood_bucket":1,"minecraft:dark_oak_sapling":6,"minecraft:diorite":8,"minecraft:stone_pickaxe":655,"minecraft:wooden_pickaxe":59,"forbidden_arcanus:edelwood_suspicious_stew_bucket":1,"minecraft:crossbow":8,"cataclysm:lionfish":1,"enderio:dark_steel_sword":1018,"minecraft:deepslate_tiles":535,"minecraft:melon_slice":14,"minecraft:bread":210,"forbidden_arcanus:darkstone":4,"minecraft:string":1,"minecraft:deepslate":65,"minecraft:gravel":3,"quark:jasper":1,"minecraft:wooden_sword":35,"tombstone:familiar_stone":1,"minecraft:chainmail_boots":2,"minecraft:grindstone":1,"minecraft:dark_oak_fence":1,"minecraft:andesite":1,"minecraft:oak_fence":1,"tombstone:scroll_of_lightning_resistance":1,"minecraft:trident":191,"minecraft:stone_sword":131,"minecraft:enchanting_table":1,"minecraft:flint_and_steel":6,"tombstone:scroll_of_frost_resistance":2,"minecraft:spruce_planks":1,"potionsmaster:bezoar":2,"pneumaticcraft:compressed_iron_helmet":1,"quark:spruce_bookshelf":33,"minecraft:torch":336,"minecraft:dirt":4,"minecraft:anvil":2,"croptopia:melon_juice":2,"minecraft:dark_oak_planks":214,"minecraft:iron_axe":319,"croptopia:candy_corn":1,"minecraft:wolf_spawn_egg":1,"minecraft:goat_horn":2,"tombstone:gift":6,"quark:blossom_planks":15,"minecraft:cooked_beef":21,"biomesoplenty:redwood_slab":64,"minecraft:cobbled_deepslate":207,"minecraft:water_bucket":56,"tombstone:scroll_of_knowledge":4,"forbidden_arcanus:edelwood_lava_bucket":1,"minecraft:baked_potato":1,"pneumaticcraft:compressed_iron_chestplate":2,"minecraft:stonecutter":1,"minecraft:cracked_stone_bricks":1,"minecraft:rail":5,"tombstone:scroll_of_feather_fall":1,"minecraft:crafting_table":7,"minecraft:cod":1,"tombstone:tablet_of_home":1,"minecraft:diamond_pickaxe":9675,"minecraft:apple":2,"minecraft:iron_pickaxe":2288,"minecraft:leather_helmet":1,"minecraft:spruce_sapling":8,"minecraft:cobblestone":7,"minecraft:bucket":57},"minecraft:dropped":{"sophisticatedbackpacks:iron_backpack":1,"occultism:datura_seeds":1,"alltheores:raw_silver":16,"minecraft:oak_log":7,"minecraft:glass_bottle":1,"minecraft:ender_pearl":2,"minecraft:diamond":42,"minecraft:crossbow":1,"biomesoplenty:black_sand":87,"minecraft:cracked_stone_bricks":1,"artifacts:cloud_in_a_bottle":1,"tombstone:tablet_of_assistance":2,"create:crimsite":81,"minecraft:leather":6,"quark:limestone":208,"minecraft:leather_helmet":1,"minecraft:flint":11,"biomesoplenty:fir_sapling":1,"paraglider:spirit_orb":8,"minecraft:item_frame":3,"sophisticatedbackpacks:gold_backpack":3,"artifacts:night_vision_goggles":1,"minecraft:dirt":43,"tombstone:bag_of_seeds":2,"minecraft:netherite_scrap":1,"artifacts:novelty_drinking_hat":1,"irons_spellbooks:cinder_essence":2,"minecraft:jungle_sapling":6,"irons_spellbooks:arcane_essence":10,"minecraft:wooden_sword":2,"minecraft:bone_meal":40,"tombstone:scroll_of_frost_resistance":1,"forbidden_arcanus:darkstone":198,"minecraft:sand":34,"alltheores:raw_tin":1,"croptopia:coconut":11,"minecraft:iron_pickaxe":3,"ae2:silicon_press":1,"tombstone:familiar_receptacle":1,"minecraft:bone":99,"minecraft:gold_ingot":251,"minecraft:gravel":58,"ae2:calculation_processor_press":1,"botania:white_mushroom":1,"ae2:engineering_processor_press":1,"minecraft:cobbled_deepslate":4093,"minecraft:obsidian":48,"tombstone:gift":3,"minecraft:pointed_dripstone":1,"tombstone:tablet_of_recall":1,"minecraft:stripped_dark_oak_log":1,"minecraft:rotten_flesh":39,"alltheores:raw_osmium_block":1,"enderio:dark_steel_ingot":4,"rftoolsbase:dimensionalshard":1,"patchouli:guide_book":1,"minecraft:chainmail_chestplate":1,"supplementaries:flax_seeds":2,"supplementaries:ash":22,"pneumaticcraft:micromissiles":1,"minecraft:trident":2,"create:limestone":197,"minecraft:jungle_log":124,"apotheosis:gem":5,"mysticalagriculture:inferium_essence":17,"minecraft:stone_brick_wall":3,"minecraft:chainmail_boots":1,"minecraft:chest":8,"ae2:damaged_budding_quartz":3,"forbidden_arcanus:arcane_crystal":2,"minecraft:spruce_slab":3,"minecraft:beef":4,"immersiveengineering:seed":3,"mekanism:fluorite_gem":30,"reliquary:zombie_heart":1,"minecraft:water_bucket":1,"minecraft:iron_ingot":161,"minecraft:bread":19,"thermal:onion_seeds":4,"minecraft:wheat_seeds":6,"farmersdelight:skillet":1,"biomesoplenty:redwood_wood":78,"tombstone:tablet_of_home":2,"forbidden_arcanus:obsidian_with_iron":2,"ae2:sky_stone_block":196,"croptopia:orange":9,"minecraft:cobblestone":468,"tombstone:tablet_of_guard":2,"minecraft:apple":1,"minecraft:granite":130,"minecraft:deepslate_tile_slab":434,"ae2:quartz_block":3,"minecraft:golden_apple":1,"minecraft:stick":10,"irons_spellbooks:scroll":1,"minecraft:diamond_horse_armor":2,"tombstone:magic_scroll":1,"minecraft:torch":69,"pneumaticcraft:gun_ammo_explosive":1,"pneumaticcraft:vortex_cannon":1,"forbidden_arcanus:spawner_scrap":4,"minecraft:zombie_head":2,"tombstone:grave_dust":8,"minecraft:iron_leggings":1,"forbidden_arcanus:edelwood_bucket":1,"mysticalagriculture:prosperity_shard":15,"minecraft:iron_axe":1,"quark:jasper":21,"minecraft:iron_shovel":1,"minecraft:string":9,"minecraft:polished_deepslate":1,"minecraft:music_disc_cat":1,"minecraft:spruce_sapling":1,"minecraft:smooth_basalt":1,"minecraft:redstone":18,"enderio:broken_spawner":2,"minecraft:cocoa_beans":4,"minecraft:raw_copper":14,"alltheores:raw_osmium":12,"minecraft:deepslate":128,"thermal:slag":13,"minecraft:tuff":320,"minecraft:raw_iron":1,"minecraft:iron_boots":1,"minecraft:iron_hoe":1,"ae2:logic_processor_press":1,"ae2:flawed_budding_quartz":3,"sophisticatedbackpacks:backpack":11,"minecraft:stone":3,"minecraft:shield":1,"connectedglass:clear_glass":48,"minecraft:bundle":2,"minecraft:diamond_pickaxe":3,"minecraft:iron_chestplate":2,"minecraft:oak_sapling":1,"minecraft:wooden_shovel":1,"enderio:dark_steel_sword":1,"minecraft:redstone_torch":12,"minecraft:spider_eye":3,"minecraft:stone_bricks":14,"minecraft:bamboo":34,"thermal:bell_pepper_seeds":3,"sophisticatedbackpacks:copper_backpack":6,"minecraft:bow":3,"minecraft:stone_pickaxe":2,"waystones:waystone":2,"minecraft:calcite":3},"minecraft:picked_up":{"irons_spellbooks:scroll":2,"minecraft:chiseled_deepslate":61,"minecraft:iron_chestplate":3,"minecraft:chainmail_boots":1,"minecraft:flower_pot":1,"tombstone:tablet_of_home":2,"minecraft:lead":3,"ars_nouveau:pierce_arrow":20,"minecraft:potion":1,"pneumaticcraft:micromissiles":1,"forbidden_arcanus:xpetrified_orb":11,"alltheores:raw_lead_block":2,"minecraft:polished_deepslate":1,"minecraft:music_disc_cat":1,"silentgear:sinew":2,"minecraft:string":112,"create:limestone":197,"minecraft:raw_copper":23,"irons_spellbooks:heavy_chain_necklace":1,"wstweaks:fragment":2,"minecraft:iron_leggings":3,"minecraft:calcite":3,"minecraft:zombie_head":7,"pneumaticcraft:gun_ammo_explosive":1,"mysticalagriculture:inferium_essence":55,"irons_spellbooks:arcane_essence":16,"minecraft:deepslate_tiles":759,"biomesoplenty:redwood_slab":66,"minecraft:gold_nugget":32,"minecraft:cobbled_deepslate":6217,"reliquary:zombie_heart":2,"minecraft:bucket":1,"minecraft:spruce_planks":3,"ae2:flawed_budding_quartz":3,"minecraft:redstone_torch":3,"minecraft:wooden_shovel":1,"quark:black_shard":2,"minecraft:iron_pickaxe":5,"irons_spellbooks:blank_rune":1,"biomesoplenty:redwood_wood":78,"minecraft:melon_slice":14,"farmersdelight:cabbage_seeds":13,"minecraft:iron_boots":1,"minecraft:furnace":3,"minecraft:stick":13,"apotheosis:gem":17,"deeperdarker:heart_of_the_deep":1,"minecraft:oak_fence":1,"minecraft:torch":131,"potionsmaster:bezoar":2,"mysticalagriculture:prosperity_shard":33,"botania:black_mushroom":1,"quark:blossom_log":64,"minecraft:pointed_dripstone":1,"tombstone:grave_dust":25,"minecraft:diorite":8,"pneumaticcraft:pressure_tube":8,"quark:blossom_planks":90,"ae2:sky_stone_block":196,"botania:manasteel_ingot":2,"artifacts:lucky_scarf":1,"minecraft:rotten_flesh":137,"forbidden_arcanus:splash_aureal_bottle":4,"minecraft:blaze_rod":2,"farmersdelight:rope":40,"thermal:slag":13,"supplementaries:ash":83,"ars_nouveau:sourceberry_bush":3,"artifacts:panic_necklace":1,"minecraft:obsidian":472,"minecraft:cod":1,"minecraft:snowball":48,"minecraft:cobblestone":537,"botania:cyan_mushroom":1,"occultism:datura_seeds":1,"minecraft:leather_chestplate":1,"pneumaticcraft:compressed_iron_boots":1,"minecraft:jungle_log":124,"minecraft:water_bucket":1,"minecraft:andesite":16,"minecraft:golden_leggings":1,"minecraft:potato":1,"biomesoplenty:fir_sapling":1,"paraglider:spirit_orb":28,"minecraft:flint":17,"minecraft:tuff":343,"supplementaries:flax_seeds":3,"artifacts:flame_pendant":1,"ae2:damaged_budding_quartz":3,"tombstone:familiar_receptacle":1,"minecraft:lapis_lazuli":420,"minecraft:dirt":34,"minecraft:lantern":1,"minecraft:name_tag":2,"bhc:red_heart":18,"alltheores:raw_tin":1,"minecraft:bone":68,"minecraft:stonecutter":1,"minecraft:bow":9,"minecraft:wheat_seeds":4,"minecraft:raw_gold":44,"ae2:logic_processor_press":1,"enderio:dark_steel_sword":1,"minecraft:bamboo":34,"minecraft:glowstone_dust":2,"croptopia:roe":1,"enderio:dark_steel_ingot":4,"silentgear:fine_silk":1,"thermal:bell_pepper_seeds":3,"minecraft:music_disc_13":1,"quark:shale":12,"patchouli:guide_book":1,"alltheores:raw_lead":33,"croptopia:melon_juice":65,"minecraft:sand":34,"ae2:quartz_block":3,"minecraft:dead_bush":1,"minecraft:lily_of_the_valley":1,"thermal:onion_seeds":2,"minecraft:dark_oak_log":26,"quark:jasper":26,"minecraft:bundle":4,"cataclysm:lionfish":1,"create:crimsite":82,"minecraft:deepslate":587,"minecraft:diamond":101,"minecraft:soul_lantern":2,"waystones:waystone":2,"tombstone:tablet_of_recall":1,"minecraft:crossbow":2,"minecraft:granite":130,"minecraft:bone_meal":16,"minecraft:golden_apple":3,"minecraft:chainmail_helmet":2,"minecraft:emerald":5,"minecraft:bread":38,"minecraft:oak_sapling":1,"alltheores:raw_platinum":55,"minecraft:dark_oak_fence":1,"minecraft:cocoa_beans":4,"minecraft:diamond_pickaxe":2,"minecraft:fishing_rod":1,"sophisticatedbackpacks:gold_backpack":1,"minecraft:crafting_table":3,"artifacts:night_vision_goggles":1,"botania:white_mushroom":1,"minecraft:turtle_helmet":1,"minecraft:leather_leggings":1,"irons_spellbooks:tarnished_helmet":1,"minecraft:stone_brick_wall":3,"minecraft:infested_cobblestone":26,"ae2:silicon_press":1,"minecraft:diamond_horse_armor":1,"enderio:broken_spawner":12,"minecraft:shield":3,"evilcraft:poison_sac":1,"minecraft:iron_axe":1,"minecraft:wooden_sword":1,"minecraft:netherite_scrap":1,"pneumaticcraft:compressed_stone":43,"minecraft:item_frame":3,"minecraft:iron_shovel":2,"minecraft:cyan_carpet":2,"deeperdarker:warden_carapace":2,"minecraft:cracked_stone_bricks":3,"biomesoplenty:black_sand":87,"minecraft:echo_shard":1,"minecraft:beef":15,"croptopia:coconut":11,"minecraft:jungle_sapling":6,"minecraft:iron_nugget":44,"minecraft:spruce_slab":3,"tombstone:tablet_of_assistance":1,"minecraft:chest":6,"minecraft:birch_sapling":1,"minecraft:dark_oak_sapling":6,"minecraft:raw_iron":169,"evilcraft:origins_of_darkness":1,"minecraft:music_disc_mellohi":1,"sophisticatedbackpacks:backpack":9,"pneumaticcraft:capacitor":1,"minecraft:trident":3,"minecraft:carrot":66,"minecraft:redstone":18,"ars_nouveau:wixie_shards":1,"tombstone:scroll_of_purification":1,"minecraft:dark_oak_planks":236,"crafting_on_a_stick:crafting_table":1,"minecraft:tnt":5,"minecraft:arrow":74,"alltheores:raw_osmium_block":1,"minecraft:nether_bricks":1,"alltheores:raw_osmium":30,"ae2:calculation_processor_press":1,"minecraft:hay_block":33,"minecraft:gold_ingot":121,"artifacts:pocket_piston":1,"sophisticatedbackpacks:copper_backpack":3,"minecraft:mutton":3,"minecraft:skeleton_skull":4,"minecraft:white_wool":1,"forbidden_arcanus:spawner_scrap":8,"minecraft:bone_block":36,"minecraft:rail":5,"minecraft:oxeye_daisy":1,"bhc:blue_heart":1,"artifacts:novelty_drinking_hat":1,"minecraft:glow_ink_sac":3,"minecraft:leather":20,"pneumaticcraft:logistics_core":2,"croptopia:glowing_calamari":1,"ars_nouveau:wilden_wing":3,"minecraft:oak_log":7,"minecraft:chainmail_chestplate":2,"artifacts:superstitious_hat":1,"minecraft:gunpowder":28,"tombstone:voodoo_poppet":1,"minecraft:deepslate_tile_slab":192,"quark:limestone":206,"tombstone:gift":2,"quark:forgotten_hat":1,"apotheosis:warden_tendril":1,"rftoolsbase:dimensionalshard":5,"minecraft:stone_bricks":21,"croptopia:candy_corn":51,"minecraft:rabbit_hide":35,"enderio:wood_gear":3,"minecraft:iron_ingot":28,"tombstone:tablet_of_guard":2,"minecraft:stone_pickaxe":5,"minecraft:cobweb":7,"tombstone:bag_of_seeds":2,"irons_spellbooks:cinder_essence":2,"tombstone:scroll_of_frost_resistance":1,"minecraft:iron_sword":1,"forbidden_arcanus:darkstone":202,"minecraft:sculk_catalyst":1,"minecraft:book":147,"thermal:blitz_rod":1,"minecraft:smooth_basalt":1,"minecraft:dark_oak_slab":3,"immersiveengineering:lantern":1,"pneumaticcraft:ingot_iron_compressed":15,"minecraft:gravel":117,"minecraft:amethyst_shard":11,"minecraft:spruce_sapling":9,"botania:lime_mushroom":1,"silentgear:bort":1,"minecraft:spruce_log":57,"minecraft:spider_eye":17,"forbidden_arcanus:arcane_crystal":3,"immersiveengineering:seed":9,"minecraft:chainmail_leggings":2,"croptopia:orange":9,"minecraft:iron_helmet":3,"mekanism:fluorite_gem":42,"alltheores:raw_silver":29,"minecraft:gray_wool":1,"pneumaticcraft:vortex_cannon":1,"ae2:engineering_processor_press":1,"minecraft:baked_potato":65,"tombstone:magic_scroll":8,"minecraft:melon_seeds":6,"minecraft:stripped_dark_oak_log":2,"minecraft:coal":127,"minecraft:ender_pearl":2},"minecraft:killed_by":{"minecraft:skeleton":1},"minecraft:broken":{"minecraft:stone_pickaxe":5,"minecraft:diamond_pickaxe":4,"minecraft:stone_sword":1,"minecraft:wooden_pickaxe":1,"minecraft:iron_axe":1,"minecraft:iron_pickaxe":7,"minecraft:iron_helmet":1},"minecraft:custom":{"lootr:looted_stat":168,"minecraft:interact_with_crafting_table":30,"minecraft:open_barrel":2,"minecraft:leave_game":6,"minecraft:time_since_death":136274,"minecraft:damage_resisted":0,"minecraft:sprint_one_cm":1870663,"minecraft:damage_blocked_by_shield":290,"minecraft:drop":443,"minecraft:talked_to_villager":12,"minecraft:play_time":765753,"minecraft:deaths":2,"minecraft:jump":10685,"minecraft:walk_on_water_one_cm":114202,"minecraft:enchant_item":38,"minecraft:interact_with_furnace":240,"minecraft:traded_with_villager":1,"minecraft:sleep_in_bed":8,"minecraft:waystone_activated":5,"minecraft:damage_dealt":64848,"minecraft:player_kills":2,"minecraft:crouch_one_cm":153795,"tombstone:undead_killed":194,"tombstone:villager_killed":3,"minecraft:interact_with_anvil":23,"minecraft:mob_kills":343,"minecraft:damage_dealt_resisted":108,"minecraft:climb_one_cm":5110,"minecraft:walk_one_cm":1721921,"minecraft:sneak_time":53809,"minecraft:walk_under_water_one_cm":114716,"minecraft:interact_with_blast_furnace":1,"minecraft:total_world_time":765753,"tombstone:raider_killed":4,"minecraft:interact_with_stonecutter":8,"minecraft:interact_with_grindstone":28,"minecraft:time_since_rest":135765,"minecraft:damage_taken":14967,"minecraft:damage_absorbed":185,"minecraft:swim_one_cm":207908,"minecraft:fly_one_cm":3024383,"minecraft:open_chest":729,"minecraft:fall_one_cm":1392709}},"DataVersion":3465}